<diffgr:diffgram xmlns:msdata="urn:schemas-microsoft-com:xml-msdata" xmlns:diffgr="urn:schemas-microsoft-com:xml-diffgram-v1">
  <DSWORKSPACE>
    <D_Workspace diffgr:id="D_Workspace1" msdata:rowOrder="0" diffgr:hasChanges="inserted">
      <iID>1</iID>
      <szName>1</szName>
      <dtCreateDate>2024-06-03T15:12:09.7022306+09:00</dtCreateDate>
    </D_Workspace>
    <D_Workspace diffgr:id="D_Workspace2" msdata:rowOrder="1" diffgr:hasChanges="inserted">
      <iID>2</iID>
      <szName>2</szName>
      <dtCreateDate>2024-06-03T17:13:07.4414741+09:00</dtCreateDate>
    </D_Workspace>
    <D_DBVersion diffgr:id="D_DBVersion2" msdata:rowOrder="0" diffgr:hasChanges="inserted">
      <iSupportVersion>1</iSupportVersion>
      <iCreateVersion>1</iCreateVersion>
    </D_DBVersion>
  </DSWORKSPACE>
</diffgr:diffgram>