<diffgr:diffgram xmlns:msdata="urn:schemas-microsoft-com:xml-msdata" xmlns:diffgr="urn:schemas-microsoft-com:xml-diffgram-v1">
  <DSHISTORY>
    <D_History diffgr:id="D_History1" msdata:rowOrder="0" diffgr:hasChanges="inserted">
      <iID>1</iID>
      <iProjectdataID>1</iProjectdataID>
      <szComment />
      <iEditor>0</iEditor>
      <dtUpdateDate>2024-06-03T17:13:07.6602+09:00</dtUpdateDate>
      <dtFileTimeStamp>2024-06-03T17:13:07.6602+09:00</dtFileTimeStamp>
      <dtFileUpdateDate>2024-06-03T17:13:07.6602+09:00</dtFileUpdateDate>
      <iFileSize>124</iFileSize>
      <szMD5val>2jZ1pchfv9ZeEhj5rTfVTA==</szMD5val>
      <szProjectdataName>2.prj</szProjectdataName>
    </D_History>
    <D_History diffgr:id="D_History2" msdata:rowOrder="1" diffgr:hasChanges="inserted">
      <iID>2</iID>
      <iProjectdataID>2</iProjectdataID>
      <szComment />
      <iEditor>0</iEditor>
      <dtUpdateDate>2024-06-03T17:13:07.6758246+09:00</dtUpdateDate>
      <dtFileTimeStamp>2024-06-03T17:13:07.6758246+09:00</dtFileTimeStamp>
      <dtFileUpdateDate>2024-06-03T17:13:07.6758246+09:00</dtFileUpdateDate>
      <iFileSize>36</iFileSize>
      <szMD5val>jVwcsubXwP4vpQfA/C6Qlg==</szMD5val>
      <szProjectdataName>PrjStatus.flg</szProjectdataName>
    </D_History>
    <D_History diffgr:id="D_History3" msdata:rowOrder="2" diffgr:hasChanges="inserted">
      <iID>3</iID>
      <iProjectdataID>3</iProjectdataID>
      <szComment />
      <iEditor>0</iEditor>
      <dtUpdateDate>2024-06-03T17:13:07.6758246+09:00</dtUpdateDate>
      <dtFileTimeStamp>2024-06-03T17:13:07.6758246+09:00</dtFileTimeStamp>
      <dtFileUpdateDate>2024-06-03T17:13:07.6758246+09:00</dtFileUpdateDate>
      <iFileSize>0</iFileSize>
      <szMD5val>1B2M2Y8AsgTpgAmY7PhCfg==</szMD5val>
      <szProjectdataName>Param.wpa</szProjectdataName>
    </D_History>
    <D_History diffgr:id="D_History4" msdata:rowOrder="3" diffgr:hasChanges="inserted">
      <iID>4</iID>
      <iProjectdataID>4</iProjectdataID>
      <szComment />
      <iEditor>0</iEditor>
      <dtUpdateDate>2024-06-03T17:13:07.6914429+09:00</dtUpdateDate>
      <dtFileTimeStamp>2024-06-03T17:13:07.6914429+09:00</dtFileTimeStamp>
      <dtFileUpdateDate>2024-06-03T17:13:07.6914429+09:00</dtFileUpdateDate>
      <iFileSize>76</iFileSize>
      <szMD5val>MFXpyqbIGPieif/MdXn1CQ==</szMD5val>
      <szProjectdataName>2.pji</szProjectdataName>
    </D_History>
    <D_History diffgr:id="D_History5" msdata:rowOrder="4" diffgr:hasChanges="inserted">
      <iID>5</iID>
      <iProjectdataID>5</iProjectdataID>
      <szComment />
      <iEditor>0</iEditor>
      <dtFileTimeStamp>2024-06-03T17:13:07.738295+09:00</dtFileTimeStamp>
      <szMD5val />
      <szProjectdataName>Project.gt3</szProjectdataName>
    </D_History>
    <D_History diffgr:id="D_History6" msdata:rowOrder="5" diffgr:hasChanges="inserted">
      <iID>6</iID>
      <iProjectdataID>6</iProjectdataID>
      <szComment />
      <iEditor>0</iEditor>
      <dtUpdateDate>2024-06-05T16:11:27.6381862+09:00</dtUpdateDate>
      <dtFileTimeStamp>2024-06-03T17:13:07.7539467+09:00</dtFileTimeStamp>
      <dtFileUpdateDate>2024-06-05T16:11:27.6381862+09:00</dtFileUpdateDate>
      <iFileSize>14206</iFileSize>
      <szMD5val>IQNtrNkfTQF+LPxUmFk8SA==</szMD5val>
      <szProjectdataName>GTEFILE</szProjectdataName>
    </D_History>
    <D_DBVersion diffgr:id="D_DBVersion3" msdata:rowOrder="0" diffgr:hasChanges="inserted">
      <iSupportVersion>1</iSupportVersion>
      <iCreateVersion>1</iCreateVersion>
    </D_DBVersion>
  </DSHISTORY>
</diffgr:diffgram>