<diffgr:diffgram xmlns:msdata="urn:schemas-microsoft-com:xml-msdata" xmlns:diffgr="urn:schemas-microsoft-com:xml-diffgram-v1">
  <DSPROJECTDATA>
    <D_Projectdata diffgr:id="D_Projectdata1" msdata:rowOrder="0" diffgr:hasChanges="inserted">
      <iID>1</iID>
      <szName>2.prj</szName>
      <dtCreateDate>2024-06-03T17:13:07.628971+09:00</dtCreateDate>
      <dtUpdateDate>2024-06-03T17:13:07.628971+09:00</dtUpdateDate>
      <bScrapFlag>false</bScrapFlag>
      <bStructuredStorage>true</bStructuredStorage>
      <iCreaterID>0</iCreaterID>
      <ucProductType>1</ucProductType>
      <ucFolderType>1</ucFolderType>
      <uiFolderNo>0</uiFolderNo>
      <ucReserve>0</ucReserve>
      <ucFileType>1</ucFileType>
    </D_Projectdata>
    <D_Projectdata diffgr:id="D_Projectdata2" msdata:rowOrder="1" diffgr:hasChanges="inserted">
      <iID>2</iID>
      <szName>PrjStatus.flg</szName>
      <dtCreateDate>2024-06-03T17:13:07.628971+09:00</dtCreateDate>
      <dtUpdateDate>2024-06-03T17:13:07.628971+09:00</dtUpdateDate>
      <bScrapFlag>false</bScrapFlag>
      <bStructuredStorage>true</bStructuredStorage>
      <iCreaterID>0</iCreaterID>
      <ucProductType>1</ucProductType>
      <ucFolderType>1</ucFolderType>
      <uiFolderNo>0</uiFolderNo>
      <ucReserve>0</ucReserve>
      <ucFileType>12</ucFileType>
    </D_Projectdata>
    <D_Projectdata diffgr:id="D_Projectdata3" msdata:rowOrder="2" diffgr:hasChanges="inserted">
      <iID>3</iID>
      <szName>Param.wpa</szName>
      <dtCreateDate>2024-06-03T17:13:07.628971+09:00</dtCreateDate>
      <dtUpdateDate>2024-06-03T17:13:07.628971+09:00</dtUpdateDate>
      <bScrapFlag>false</bScrapFlag>
      <bStructuredStorage>true</bStructuredStorage>
      <iCreaterID>0</iCreaterID>
      <ucProductType>1</ucProductType>
      <ucFolderType>2</ucFolderType>
      <uiFolderNo>0</uiFolderNo>
      <ucReserve>0</ucReserve>
      <ucFileType>1</ucFileType>
    </D_Projectdata>
    <D_Projectdata diffgr:id="D_Projectdata4" msdata:rowOrder="3" diffgr:hasChanges="inserted">
      <iID>4</iID>
      <szName>2.pji</szName>
      <dtCreateDate>2024-06-03T17:13:07.6914429+09:00</dtCreateDate>
      <dtUpdateDate>2024-06-03T17:13:07.6914429+09:00</dtUpdateDate>
      <bScrapFlag>false</bScrapFlag>
      <bStructuredStorage>true</bStructuredStorage>
      <iCreaterID>0</iCreaterID>
      <ucProductType>1</ucProductType>
      <ucFolderType>6</ucFolderType>
      <uiFolderNo>0</uiFolderNo>
      <ucReserve>0</ucReserve>
      <ucFileType>4</ucFileType>
    </D_Projectdata>
    <D_Projectdata diffgr:id="D_Projectdata5" msdata:rowOrder="4" diffgr:hasChanges="inserted">
      <iID>5</iID>
      <szName>Project.gt3</szName>
      <dtCreateDate>2024-06-03T17:13:07.7226861+09:00</dtCreateDate>
      <dtUpdateDate>2024-06-03T17:13:07.7226861+09:00</dtUpdateDate>
      <bScrapFlag>false</bScrapFlag>
      <bStructuredStorage>false</bStructuredStorage>
      <iCreaterID>0</iCreaterID>
      <ucProductType>0</ucProductType>
      <ucFolderType>0</ucFolderType>
      <uiFolderNo>0</uiFolderNo>
      <ucReserve>0</ucReserve>
      <ucFileType>0</ucFileType>
    </D_Projectdata>
    <D_Projectdata diffgr:id="D_Projectdata6" msdata:rowOrder="5" diffgr:hasChanges="inserted">
      <iID>6</iID>
      <szName>GTEFILE</szName>
      <dtCreateDate>2024-06-03T17:13:07.738295+09:00</dtCreateDate>
      <dtUpdateDate>2024-06-03T17:13:07.738295+09:00</dtUpdateDate>
      <bScrapFlag>false</bScrapFlag>
      <bStructuredStorage>true</bStructuredStorage>
      <iCreaterID>0</iCreaterID>
      <ucProductType>1</ucProductType>
      <ucFolderType>7</ucFolderType>
      <uiFolderNo>0</uiFolderNo>
      <ucReserve>0</ucReserve>
      <ucFileType>1</ucFileType>
    </D_Projectdata>
    <D_DBVersion diffgr:id="D_DBVersion2" msdata:rowOrder="0" diffgr:hasChanges="inserted">
      <iSupportVersion>1</iSupportVersion>
      <iCreateVersion>1</iCreateVersion>
    </D_DBVersion>
  </DSPROJECTDATA>
</diffgr:diffgram>